cohort_month,cohort_month_number,retention_pct
2009-12-01,0,100.00
2009-12-01,1,35.29
2009-12-01,2,33.40
2009-12-01,3,42.51
2009-12-01,4,38.01
2009-12-01,5,35.92
2009-12-01,6,37.70
2009-12-01,7,34.24
2009-12-01,8,33.61
2009-12-01,9,36.23
2009-12-01,10,42.20
2009-12-01,11,49.53
2009-12-01,12,37.59
2009-12-01,13,28.27
2009-12-01,14,24.40
2009-12-01,15,30.26
2009-12-01,16,26.28
2009-12-01,17,30.26
2009-12-01,18,28.27
2009-12-01,19,25.97
2009-12-01,20,25.55
2009-12-01,21,31.52
2009-12-01,22,30.47
2009-12-01,23,40.73
2009-12-01,24,19.69
2010-01-01,0,100.00
2010-01-01,1,20.63
2010-01-01,2,31.07
2010-01-01,3,30.55
2010-01-01,4,26.37
2010-01-01,5,30.03
2010-01-01,6,25.85
2010-01-01,7,22.98
2010-01-01,8,27.94
2010-01-01,9,31.85
2010-01-01,10,30.29
2010-01-01,11,17.23
2010-01-01,12,22.19
2010-01-01,13,17.75
2010-01-01,14,18.80
2010-01-01,15,15.14
2010-01-01,16,23.50
2010-01-01,17,19.84
2010-01-01,18,18.54
2010-01-01,19,19.58
2010-01-01,20,24.28
2010-01-01,21,19.32
2010-01-01,22,24.54
2010-01-01,23,5.74
2010-02-01,0,100.00
2010-02-01,1,23.80
2010-02-01,2,22.46
2010-02-01,3,29.14
2010-02-01,4,24.60
2010-02-01,5,20.05
2010-02-01,6,19.25
2010-02-01,7,28.61
2010-02-01,8,25.40
2010-02-01,9,27.54
2010-02-01,10,11.50
2010-02-01,11,12.57
2010-02-01,12,15.24
2010-02-01,13,17.38
2010-02-01,14,12.30
2010-02-01,15,20.05
2010-02-01,16,16.04
2010-02-01,17,16.31
2010-02-01,18,14.44
2010-02-01,19,22.99
2010-02-01,20,22.99
2010-02-01,21,16.31
2010-02-01,22,5.88
2010-03-01,0,100.00
2010-03-01,1,18.96
2010-03-01,2,23.02
2010-03-01,3,24.15
2010-03-01,4,23.25
2010-03-01,5,20.32
2010-03-01,6,24.60
2010-03-01,7,30.25
2010-03-01,8,27.54
2010-03-01,9,10.84
2010-03-01,10,11.51
2010-03-01,11,14.22
2010-03-01,12,20.09
2010-03-01,13,16.25
2010-03-01,14,20.09
2010-03-01,15,16.93
2010-03-01,16,17.38
2010-03-01,17,15.58
2010-03-01,18,17.61
2010-03-01,19,20.09
2010-03-01,20,21.22
2010-03-01,21,7.90
2010-04-01,0,100.00
2010-04-01,1,19.39
2010-04-01,2,19.39
2010-04-01,3,16.33
2010-04-01,4,18.37
2010-04-01,5,22.45
2010-04-01,6,27.55
2010-04-01,7,26.19
2010-04-01,8,10.54
2010-04-01,9,10.88
2010-04-01,10,7.48
2010-04-01,11,13.95
2010-04-01,12,13.95
2010-04-01,13,15.65
2010-04-01,14,15.65
2010-04-01,15,15.65
2010-04-01,16,13.95
2010-04-01,17,14.97
2010-04-01,18,18.03
2010-04-01,19,22.45
2010-04-01,20,5.78
2010-05-01,0,100.00
2010-05-01,1,15.75
2010-05-01,2,16.93
2010-05-01,3,17.32
2010-05-01,4,17.72
2010-05-01,5,25.59
2010-05-01,6,21.26
2010-05-01,7,12.60
2010-05-01,8,5.91
2010-05-01,9,8.27
2010-05-01,10,11.42
2010-05-01,11,13.39
2010-05-01,12,15.35
2010-05-01,13,15.35
2010-05-01,14,9.84
2010-05-01,15,12.60
2010-05-01,16,13.78
2010-05-01,17,16.54
2010-05-01,18,15.35
2010-05-01,19,4.72
2010-06-01,0,100.00
2010-06-01,1,17.41
2010-06-01,2,18.89
2010-06-01,3,20.37
2010-06-01,4,22.96
2010-06-01,5,28.52
2010-06-01,6,12.59
2010-06-01,7,8.89
2010-06-01,8,8.15
2010-06-01,9,11.85
2010-06-01,10,10.74
2010-06-01,11,13.70
2010-06-01,12,14.81
2010-06-01,13,12.22
2010-06-01,14,11.11
2010-06-01,15,12.22
2010-06-01,16,13.33
2010-06-01,17,20.37
2010-06-01,18,5.19
2010-07-01,0,100.00
2010-07-01,1,15.59
2010-07-01,2,18.28
2010-07-01,3,29.57
2010-07-01,4,29.03
2010-07-01,5,13.98
2010-07-01,6,11.29
2010-07-01,7,14.52
2010-07-01,8,14.52
2010-07-01,9,11.29
2010-07-01,10,13.44
2010-07-01,11,14.52
2010-07-01,12,13.44
2010-07-01,13,13.44
2010-07-01,14,19.35
2010-07-01,15,17.20
2010-07-01,16,23.66
2010-07-01,17,8.06
2010-08-01,0,100.00
2010-08-01,1,20.37
2010-08-01,2,29.63
2010-08-01,3,32.10
2010-08-01,4,17.28
2010-08-01,5,11.73
2010-08-01,6,9.88
2010-08-01,7,12.35
2010-08-01,8,13.58
2010-08-01,9,12.96
2010-08-01,10,12.96
2010-08-01,11,12.35
2010-08-01,12,15.43
2010-08-01,13,18.52
2010-08-01,14,17.90
2010-08-01,15,19.75
2010-08-01,16,6.79
2010-09-01,0,100.00
2010-09-01,1,22.63
2010-09-01,2,23.46
2010-09-01,3,12.35
2010-09-01,4,9.05
2010-09-01,5,10.29
2010-09-01,6,13.58
2010-09-01,7,9.88
2010-09-01,8,12.76
2010-09-01,9,13.17
2010-09-01,10,11.52
2010-09-01,11,9.88
2010-09-01,12,21.81
2010-09-01,13,16.46
2010-09-01,14,16.05
2010-09-01,15,5.35
2010-10-01,0,100.00
2010-10-01,1,25.73
2010-10-01,2,14.59
2010-10-01,3,12.47
2010-10-01,4,8.75
2010-10-01,5,8.22
2010-10-01,6,13.00
2010-10-01,7,13.79
2010-10-01,8,10.61
2010-10-01,9,9.28
2010-10-01,10,10.61
2010-10-01,11,13.00
2010-10-01,12,19.10
2010-10-01,13,23.08
2010-10-01,14,6.90
2010-11-01,0,100.00
2010-11-01,1,17.54
2010-11-01,2,9.23
2010-11-01,3,9.54
2010-11-01,4,7.69
2010-11-01,5,8.62
2010-11-01,6,12.92
2010-11-01,7,9.85
2010-11-01,8,8.62
2010-11-01,9,8.92
2010-11-01,10,11.08
2010-11-01,11,14.46
2010-11-01,12,25.54
2010-11-01,13,6.15
2010-12-01,0,100.00
2010-12-01,1,9.21
2010-12-01,2,5.26
2010-12-01,3,9.21
2010-12-01,4,11.84
2010-12-01,5,6.58
2010-12-01,6,5.26
2010-12-01,7,9.21
2010-12-01,8,5.26
2010-12-01,9,2.63
2010-12-01,10,9.21
2010-12-01,11,19.74
2010-12-01,12,2.63
2011-01-01,0,100.00
2011-01-01,1,16.90
2011-01-01,2,21.13
2011-01-01,3,19.72
2011-01-01,4,21.13
2011-01-01,5,15.49
2011-01-01,6,15.49
2011-01-01,7,12.68
2011-01-01,8,11.27
2011-01-01,9,21.13
2011-01-01,10,25.35
2011-01-01,11,11.27
2011-02-01,0,100.00
2011-02-01,1,16.13
2011-02-01,2,15.32
2011-02-01,3,18.55
2011-02-01,4,21.77
2011-02-01,5,15.32
2011-02-01,6,15.32
2011-02-01,7,14.52
2011-02-01,8,14.52
2011-02-01,9,17.74
2011-02-01,10,5.65
2011-03-01,0,100.00
2011-03-01,1,18.44
2011-03-01,2,21.79
2011-03-01,3,20.11
2011-03-01,4,22.35
2011-03-01,5,15.08
2011-03-01,6,20.67
2011-03-01,7,20.11
2011-03-01,8,24.02
2011-03-01,9,9.50
2011-04-01,0,100.00
2011-04-01,1,25.47
2011-04-01,2,19.81
2011-04-01,3,19.81
2011-04-01,4,17.92
2011-04-01,5,23.58
2011-04-01,6,17.92
2011-04-01,7,25.47
2011-04-01,8,11.32
2011-05-01,0,100.00
2011-05-01,1,23.42
2011-05-01,2,24.32
2011-05-01,3,16.22
2011-05-01,4,21.62
2011-05-01,5,20.72
2011-05-01,6,26.13
2011-05-01,7,11.71
2011-06-01,0,100.00
2011-06-01,1,23.15
2011-06-01,2,21.30
2011-06-01,3,26.85
2011-06-01,4,20.37
2011-06-01,5,28.70
2011-06-01,6,8.33
2011-07-01,0,100.00
2011-07-01,1,21.57
2011-07-01,2,30.39
2011-07-01,3,27.45
2011-07-01,4,34.31
2011-07-01,5,15.69
2011-08-01,0,100.00
2011-08-01,1,27.36
2011-08-01,2,31.13
2011-08-01,3,26.42
2011-08-01,4,16.98
2011-09-01,0,100.00
2011-09-01,1,26.98
2011-09-01,2,37.57
2011-09-01,3,14.81
2011-10-01,0,100.00
2011-10-01,1,32.13
2011-10-01,2,15.84
2011-11-01,0,100.00
2011-11-01,1,14.14
2011-12-01,0,100.00
